<?xml version="1.0" encoding="UTF-8" standalone="yes"?>
<addon id="plugin.video.GreenKlik" name="GreenKlik" version="4.0" provider-name="Green Team">
	<requires>
	    <import addon="script.module.six"/>
		<import addon="script.module.kodi-six"/>
		<import addon="script.module.requests" optional="true"/>
		<import addon="script.module.websocket" version="0.50.0"  optional="true"/>
		<import addon="script.module.youtube.dl" optional="true"/>
		<import addon="script.module.dateutil" optional="true" />
		<import addon="script.module.resolveurl" optional="true"/>
		<import addon="script.module.inputstreamhelper" optional="true"/>
	</requires>
	<extension point="xbmc.python.pluginsource" library="try.py">
      <provides>video</provides>
	</extension>

	<extension point="xbmc.addon.metadata">
		<summary></summary>
		<description></description>
		<platform>all</platform>
		<assets>
			<icon>icon.png</icon>
			<fanart>fanart.jpg</fanart>
		</assets>
	</extension>
</addon>
